,lat,lng
0,12.569,55.708
1,12.568,55.708
4,12.568,55.709
7,12.569,55.682
8,12.568,55.682
9,12.57,55.683
13,12.59,55.703
16,12.601,55.669
18,12.602,55.669
19,12.603,55.668
21,12.604,55.668
22,12.581,55.699
25,12.611,55.667
26,12.612,55.667
27,12.499,55.688
30,12.498,55.688
34,12.497,55.688
36,12.496,55.688
40,12.495,55.688
46,12.494,55.688
51,12.493,55.688
55,12.57,55.684
57,12.577,55.678
63,12.577,55.677
64,12.57,55.693
65,12.571,55.693
67,12.572,55.694
68,12.573,55.695
69,12.563,55.687
70,12.564,55.688
72,12.565,55.689
74,12.607,55.661
76,12.608,55.661
82,12.609,55.66
89,12.61,55.66
95,12.492,55.69
98,12.491,55.69
101,12.49,55.69
103,12.489,55.689
108,12.498,55.689
111,12.498,55.69
113,12.555,55.668
114,12.555,55.667
116,12.556,55.667
119,12.556,55.666
120,12.557,55.666
122,12.555,55.69
125,12.554,55.69
126,12.576,55.665
128,12.576,55.664
129,12.577,55.664
132,12.577,55.663
134,12.488,55.688
137,12.487,55.69
145,12.487,55.691
146,12.486,55.691
148,12.486,55.692
150,12.576,55.666
157,12.487,55.689
160,12.486,55.69
169,12.485,55.691
171,12.485,55.692
173,12.579,55.691
176,12.578,55.691
178,12.577,55.692
181,12.579,55.679
182,12.579,55.678
186,12.578,55.678
189,12.495,55.689
192,12.494,55.689
193,12.494,55.69
195,12.493,55.69
214,12.492,55.691
236,12.491,55.692
243,12.571,55.684
250,12.572,55.685
253,12.603,55.665
256,12.603,55.664
260,12.603,55.669
264,12.589,55.699
267,12.589,55.7
268,12.588,55.7
269,12.544,55.671
270,12.544,55.67
272,12.545,55.67
275,12.573,55.664
276,12.575,55.663
278,12.576,55.663
280,12.61,55.665
281,12.611,55.665
282,12.551,55.687
284,12.55,55.687
286,12.549,55.687
287,12.549,55.688
288,12.547,55.688
290,12.546,55.689
291,12.545,55.689
294,12.601,55.697
296,12.591,55.697
299,12.591,55.698
302,12.591,55.699
304,12.582,55.678
307,12.613,55.667
308,12.614,55.668
309,12.615,55.668
310,12.617,55.669
311,12.618,55.669
315,12.59,55.699
317,12.59,55.7
322,12.589,55.701
327,12.588,55.702
329,12.588,55.703
332,12.614,55.667
333,12.582,55.679
335,12.581,55.679
339,12.616,55.668
344,12.617,55.668
346,12.618,55.668
347,12.619,55.669
349,12.614,55.669
350,12.612,55.669
351,12.586,55.707
354,12.585,55.708
356,12.585,55.709
361,12.584,55.709
362,12.583,55.709
364,12.582,55.709
366,12.581,55.709
370,12.58,55.709
372,12.56,55.67
373,12.56,55.671
378,12.62,55.668
379,12.598,55.667
382,12.599,55.667
386,12.6,55.667
390,12.601,55.667
391,12.601,55.668
392,12.602,55.668
397,12.553,55.694
403,12.552,55.694
407,12.552,55.695
419,12.552,55.696
424,12.552,55.697
425,12.616,55.667
432,12.543,55.665
434,12.544,55.665
435,12.544,55.664
437,12.589,55.68
438,12.589,55.681
440,12.59,55.681
446,12.59,55.682
448,12.591,55.682
449,12.605,55.668
450,12.605,55.669
451,12.606,55.669
452,12.607,55.669
454,12.608,55.669
456,12.609,55.669
458,12.61,55.669
460,12.611,55.67
461,12.611,55.669
463,12.613,55.669
467,12.588,55.704
472,12.587,55.704
474,12.587,55.705
477,12.586,55.706
478,12.558,55.684
479,12.557,55.684
485,12.556,55.684
486,12.557,55.688
488,12.558,55.689
489,12.58,55.691
491,12.579,55.692
492,12.578,55.692
493,12.499,55.687
497,12.498,55.687
505,12.496,55.689
508,12.584,55.707
515,12.585,55.705
517,12.484,55.689
520,12.483,55.69
529,12.482,55.691
531,12.572,55.677
535,12.572,55.676
539,12.571,55.676
542,12.549,55.665
543,12.55,55.664
548,12.489,55.691
557,12.489,55.692
561,12.607,55.659
563,12.606,55.659
565,12.606,55.658
567,12.585,55.679
570,12.585,55.678
573,12.584,55.678
580,12.583,55.678
591,12.585,55.704
602,12.585,55.706
610,12.567,55.685
615,12.568,55.686
618,12.575,55.705
621,12.574,55.706
622,12.572,55.706
625,12.572,55.707
626,12.571,55.708
627,12.57,55.708
648,12.492,55.688
650,12.491,55.688
655,12.49,55.688
656,12.497,55.69
661,12.564,55.69
663,12.565,55.69
665,12.551,55.669
667,12.551,55.668
671,12.551,55.667
674,12.552,55.667
675,12.551,55.67
680,12.482,55.69
682,12.481,55.69
683,12.481,55.691
694,12.55,55.672
695,12.551,55.672
698,12.492,55.685
699,12.491,55.685
700,12.49,55.685
701,12.489,55.685
704,12.488,55.685
707,12.488,55.684
708,12.487,55.684
710,12.486,55.684
716,12.485,55.684
719,12.484,55.684
721,12.491,55.689
723,12.49,55.689
738,12.485,55.689
741,12.485,55.69
744,12.484,55.69
750,12.484,55.691
752,12.483,55.691
754,12.552,55.693
759,12.553,55.693
767,12.554,55.694
774,12.555,55.695
779,12.556,55.695
785,12.557,55.696
789,12.558,55.696
792,12.559,55.696
795,12.559,55.697
796,12.56,55.697
800,12.493,55.689
804,12.492,55.689
807,12.541,55.666
810,12.541,55.665
813,12.54,55.665
814,12.54,55.664
817,12.489,55.688
822,12.487,55.688
830,12.483,55.689
833,12.482,55.689
836,12.59,55.696
839,12.589,55.696
841,12.579,55.698
842,12.58,55.698
844,12.574,55.676
845,12.573,55.676
846,12.572,55.675
848,12.585,55.68
850,12.584,55.68
852,12.584,55.679
853,12.583,55.679
866,12.49,55.692
873,12.488,55.692
875,12.602,55.664
878,12.601,55.665
881,12.601,55.664
892,12.488,55.69
893,12.488,55.691
896,12.487,55.692
900,12.55,55.688
920,12.497,55.687
923,12.496,55.687
927,12.495,55.687
934,12.554,55.669
941,12.597,55.695
942,12.598,55.698
945,12.581,55.678
947,12.58,55.678
948,12.491,55.693
951,12.49,55.693
952,12.489,55.693
955,12.488,55.693
958,12.487,55.693
972,12.484,55.692
973,12.483,55.692
982,12.604,55.658
983,12.605,55.659
992,12.605,55.658
996,12.55,55.665
997,12.551,55.664
1005,12.491,55.691
1014,12.49,55.691
1027,12.556,55.668
1028,12.558,55.666
1032,12.592,55.673
1034,12.593,55.673
1035,12.593,55.672
1036,12.584,55.706
1039,12.584,55.705
1045,12.584,55.704
1046,12.583,55.708
1052,12.61,55.666
1056,12.609,55.666
1058,12.61,55.664
1059,12.611,55.663
1060,12.555,55.672
1065,12.554,55.672
1081,12.585,55.693
1082,12.586,55.694
1085,12.587,55.694
1086,12.587,55.695
1087,12.588,55.695
1094,12.59,55.697
1099,12.587,55.707
1100,12.587,55.708
1106,12.586,55.709
1112,12.549,55.67
1113,12.549,55.669
1118,12.549,55.668
1128,12.549,55.667
1139,12.549,55.666
1143,12.548,55.672
1147,12.549,55.671
1153,12.589,55.69
1154,12.588,55.69
1159,12.587,55.69
1166,12.586,55.69
1170,12.615,55.666
1173,12.616,55.665
1176,12.616,55.664
1177,12.617,55.664
1178,12.617,55.663
1184,12.616,55.666
1187,12.618,55.666
1189,12.619,55.666
1191,12.62,55.666
1193,12.621,55.666
1195,12.577,55.708
1197,12.576,55.708
1198,12.571,55.675
1206,12.573,55.675
1209,12.573,55.674
1210,12.574,55.674
1217,12.617,55.665
1221,12.617,55.666
1225,12.599,55.666
1234,12.602,55.667
1242,12.597,55.665
1243,12.598,55.665
1246,12.547,55.668
1249,12.546,55.668
1253,12.615,55.667
1255,12.614,55.662
1257,12.615,55.662
1259,12.616,55.662
1265,12.618,55.663
1270,12.619,55.663
1273,12.62,55.663
1276,12.622,55.663
1278,12.622,55.664
1279,12.623,55.664
1284,12.553,55.695
1288,12.553,55.696
1289,12.584,55.686
1294,12.584,55.687
1299,12.585,55.687
1306,12.585,55.688
1312,12.586,55.689
1314,12.543,55.67
1318,12.542,55.67
1320,12.575,55.676
1324,12.556,55.683
1326,12.617,55.667
1337,12.619,55.665
1338,12.619,55.664
1340,12.62,55.664
1347,12.618,55.664
1360,12.621,55.664
1361,12.597,55.668
1365,12.596,55.668
1366,12.596,55.667
1368,12.596,55.666
1371,12.612,55.665
1372,12.613,55.665
1378,12.582,55.702
1383,12.617,55.662
1386,12.618,55.661
1387,12.54,55.67
1391,12.54,55.669
1400,12.547,55.672
1403,12.546,55.672
1408,12.562,55.678
1411,12.561,55.678
1415,12.56,55.678
1417,12.557,55.678
1420,12.545,55.672
1421,12.545,55.671
1428,12.543,55.671
1430,12.542,55.671
1432,12.541,55.67
1438,12.617,55.661
1441,12.598,55.669
1442,12.6,55.669
1443,12.615,55.663
1452,12.616,55.663
1453,12.573,55.692
1454,12.575,55.691
1461,12.586,55.705
1462,12.564,55.683
1465,12.563,55.683
1468,12.6,55.665
1471,12.6,55.666
1472,12.601,55.666
1475,12.602,55.666
1477,12.558,55.672
1481,12.559,55.672
1484,12.559,55.671
1492,12.561,55.671
1499,12.614,55.663
1502,12.613,55.663
1506,12.613,55.664
1508,12.612,55.664
1525,12.595,55.668
1527,12.594,55.668
1530,12.593,55.668
1531,12.591,55.668
1535,12.6,55.668
1545,12.595,55.667
1563,12.597,55.667
1569,12.587,55.686
1572,12.586,55.686
1582,12.583,55.687
1586,12.582,55.687
1588,12.614,55.664
1594,12.615,55.664
1601,12.598,55.668
1602,12.614,55.666
1607,12.615,55.665
1617,12.573,55.673
1620,12.573,55.672
1624,12.572,55.672
1633,12.608,55.659
1638,12.609,55.659
1646,12.541,55.669
1660,12.554,55.667
1667,12.553,55.667
1672,12.553,55.666
1674,12.552,55.666
1679,12.551,55.666
1685,12.55,55.666
1688,12.602,55.67
1695,12.548,55.665
1697,12.547,55.665
1698,12.546,55.664
1701,12.543,55.664
1702,12.542,55.664
1708,12.611,55.666
1711,12.612,55.666
1723,12.586,55.683
1725,12.585,55.683
1742,12.578,55.677
1749,12.577,55.676
1750,12.576,55.676
1765,12.613,55.666
1788,12.585,55.697
1791,12.598,55.664
1806,12.597,55.666
1815,12.595,55.665
1816,12.576,55.675
1825,12.611,55.668
1827,12.612,55.668
1829,12.58,55.67
1830,12.581,55.67
1833,12.581,55.671
1836,12.582,55.671
1840,12.583,55.671
1843,12.584,55.67
1844,12.585,55.67
1847,12.586,55.67
1849,12.587,55.67
1855,12.596,55.665
1873,12.595,55.664
1874,12.594,55.664
1878,12.611,55.664
1879,12.601,55.663
1880,12.6,55.663
1883,12.599,55.663
1886,12.598,55.663
1889,12.597,55.663
1891,12.6,55.696
1904,12.584,55.677
1910,12.603,55.67
1911,12.604,55.67
1914,12.605,55.671
1916,12.569,55.693
1923,12.57,55.694
1925,12.569,55.695
1929,12.614,55.665
1938,12.581,55.683
1940,12.582,55.684
1944,12.582,55.685
1945,12.583,55.685
1949,12.583,55.686
1951,12.602,55.663
1953,12.603,55.663
1955,12.554,55.688
1957,12.553,55.688
1964,12.62,55.667
1976,12.622,55.665
1981,12.605,55.66
1985,12.604,55.66
1987,12.604,55.659
1990,12.603,55.659
1991,12.603,55.658
1992,12.558,55.688
1993,12.557,55.687
1997,12.584,55.689
2000,12.555,55.696
2007,12.555,55.697
2018,12.576,55.677
2026,12.559,55.685
2027,12.559,55.684
2030,12.562,55.671
2031,12.562,55.67
2033,12.563,55.67
2034,12.581,55.669
2036,12.58,55.668
2040,12.579,55.667
2046,12.578,55.667
2067,12.601,55.66
2070,12.602,55.66
2094,12.574,55.677
2106,12.558,55.697
2107,12.558,55.698
2108,12.557,55.698
2110,12.556,55.698
2111,12.556,55.699
2114,12.555,55.699
2118,12.584,55.699
2120,12.583,55.699
2122,12.583,55.7
2124,12.593,55.679
2127,12.594,55.68
2129,12.594,55.681
2132,12.595,55.681
2151,12.495,55.686
2152,12.494,55.686
2154,12.493,55.686
2162,12.492,55.686
2163,12.578,55.703
2165,12.579,55.703
2169,12.58,55.703
2171,12.581,55.703
2172,12.581,55.702
2180,12.557,55.697
2186,12.591,55.673
2196,12.594,55.674
2199,12.595,55.675
2200,12.596,55.675
2204,12.596,55.676
2205,12.597,55.676
2206,12.598,55.677
2207,12.51,55.662
2209,12.509,55.662
2210,12.575,55.678
2221,12.574,55.678
2231,12.59,55.702
2233,12.591,55.702
2234,12.521,55.663
2237,12.521,55.662
2241,12.586,55.7
2243,12.586,55.701
2245,12.587,55.701
2249,12.588,55.701
2255,12.546,55.666
2259,12.545,55.666
2260,12.544,55.666
2265,12.517,55.663
2266,12.516,55.663
2270,12.515,55.663
2274,12.514,55.663
2280,12.514,55.662
2282,12.513,55.662
2286,12.512,55.662
2292,12.511,55.662
2301,12.543,55.666
2305,12.542,55.666
2310,12.54,55.666
2313,12.539,55.666
2315,12.511,55.663
2316,12.51,55.663
2318,12.582,55.68
2341,12.588,55.681
2343,12.587,55.682
2346,12.586,55.682
2351,12.519,55.663
2355,12.518,55.663
2373,12.513,55.663
2375,12.512,55.663
2385,12.509,55.663
2387,12.508,55.663
2398,12.519,55.662
2400,12.6,55.664
2406,12.599,55.664
2418,12.596,55.663
2420,12.595,55.663
2429,12.591,55.704
2430,12.584,55.703
2432,12.585,55.703
2435,12.587,55.703
2436,12.514,55.661
2447,12.589,55.689
2449,12.59,55.69
2450,12.591,55.69
2451,12.578,55.7
2452,12.579,55.7
2453,12.58,55.701
2462,12.583,55.702
2464,12.583,55.703
2467,12.512,55.661
2478,12.607,55.66
2484,12.578,55.705
2488,12.579,55.705
2490,12.581,55.705
2491,12.513,55.661
2503,12.574,55.673
2504,12.573,55.707
2505,12.573,55.708
2516,12.575,55.7
2518,12.577,55.701
2519,12.51,55.666
2522,12.509,55.666
2526,12.508,55.666
2531,12.507,55.666
2533,12.521,55.666
2535,12.52,55.666
2537,12.519,55.667
2542,12.518,55.667
2544,12.517,55.667
2547,12.516,55.667
2548,12.516,55.666
2550,12.515,55.666
2557,12.514,55.666
2562,12.513,55.666
2565,12.512,55.666
2568,12.511,55.666
2575,12.604,55.661
2577,12.605,55.661
2580,12.606,55.662
2581,12.523,55.666
2582,12.522,55.666
2586,12.55,55.668
2591,12.55,55.667
2605,12.588,55.671
2606,12.589,55.672
2607,12.59,55.672
2615,12.55,55.671
2616,12.55,55.67
2620,12.55,55.669
2648,12.515,55.665
2651,12.578,55.699
2655,12.581,55.7
2658,12.582,55.7
2661,12.519,55.666
2665,12.518,55.666
2677,12.592,55.674
2683,12.594,55.675
2684,12.561,55.692
2685,12.561,55.693
2686,12.519,55.665
2687,12.52,55.665
2689,12.521,55.665
2691,12.521,55.664
2693,12.562,55.697
2694,12.562,55.698
2698,12.562,55.703
2700,12.563,55.705
2702,12.563,55.706
2708,12.588,55.67
2717,12.589,55.671
2723,12.591,55.672
2726,12.561,55.691
2740,12.561,55.694
2746,12.561,55.696
2747,12.562,55.696
2754,12.544,55.663
2761,12.602,55.665
2765,12.553,55.692
2770,12.554,55.692
2775,12.555,55.693
2778,12.556,55.693
2793,12.548,55.67
2795,12.547,55.67
2796,12.546,55.67
2799,12.529,55.666
2800,12.53,55.664
2801,12.563,55.674
2802,12.563,55.673
2805,12.564,55.672
2811,12.565,55.672
2814,12.565,55.671
2834,12.583,55.677
2835,12.612,55.661
2837,12.613,55.661
2839,12.525,55.666
2843,12.525,55.665
2848,12.526,55.664
2851,12.575,55.684
2853,12.576,55.683
2854,12.577,55.683
2855,12.578,55.683
2856,12.577,55.706
2859,12.576,55.707
2860,12.575,55.708
2866,12.599,55.668
2871,12.563,55.672
2874,12.53,55.668
2875,12.528,55.667
2878,12.527,55.667
2881,12.525,55.667
2883,12.524,55.666
2889,12.582,55.706
2898,12.537,55.663
2899,12.535,55.662
2900,12.534,55.662
2901,12.532,55.662
2905,12.583,55.707
2912,12.584,55.708
2920,12.575,55.685
2921,12.576,55.686
2930,12.586,55.704
2938,12.574,55.672
2940,12.575,55.672
2943,12.575,55.671
2948,12.576,55.671
2957,12.527,55.666
2961,12.526,55.666
2962,12.526,55.665
2970,12.524,55.665
2979,12.587,55.709
2982,12.587,55.71
2983,12.588,55.71
2986,12.51,55.661
2996,12.587,55.697
2998,12.586,55.697
3001,12.586,55.698
3002,12.588,55.679
3003,12.589,55.678
3010,12.59,55.677
3013,12.584,55.664
3016,12.585,55.664
3021,12.587,55.664
3022,12.588,55.664
3024,12.591,55.663
3025,12.592,55.663
3026,12.594,55.663
3031,12.572,55.67
3033,12.571,55.67
3036,12.57,55.67
3039,12.577,55.667
3045,12.579,55.666
3048,12.58,55.666
3049,12.581,55.665
3050,12.582,55.665
3053,12.583,55.665
3057,12.558,55.692
3062,12.559,55.693
3065,12.56,55.694
3072,12.511,55.661
3086,12.556,55.691
3088,12.557,55.691
3090,12.557,55.692
3095,12.517,55.666
3099,12.517,55.665
3104,12.516,55.664
3116,12.543,55.669
3119,12.575,55.679
3133,12.576,55.678
3138,12.548,55.669
3142,12.548,55.668
3156,12.518,55.662
3162,12.517,55.662
3165,12.59,55.67
3168,12.591,55.671
3171,12.585,55.665
3173,12.582,55.666
3175,12.594,55.672
3183,12.595,55.673
3184,12.596,55.673
3186,12.598,55.674
3187,12.598,55.675
3189,12.599,55.675
3200,12.6,55.675
3201,12.524,55.663
3202,12.523,55.662
3204,12.522,55.662
3208,12.52,55.662
3217,12.516,55.662
3220,12.515,55.662
3227,12.582,55.677
3231,12.614,55.661
3233,12.615,55.661
3244,12.619,55.661
3246,12.62,55.661
3249,12.622,55.661
3252,12.623,55.661
3254,12.624,55.661
3259,12.562,55.687
3267,12.491,55.683
3274,12.491,55.684
3276,12.49,55.684
3284,12.571,55.677
3291,12.585,55.701
3296,12.587,55.702
3301,12.487,55.687
3305,12.486,55.687
3309,12.485,55.687
3311,12.484,55.687
3313,12.483,55.687
3314,12.582,55.701
3317,12.583,55.701
3318,12.584,55.701
3325,12.579,55.699
3332,12.582,55.699
3337,12.585,55.7
3343,12.581,55.697
3346,12.581,55.698
3349,12.492,55.683
3354,12.587,55.681
3355,12.588,55.68
3361,12.59,55.68
3364,12.591,55.68
3365,12.591,55.679
3373,12.56,55.676
3375,12.56,55.675
3381,12.602,55.659
3384,12.583,55.698
3385,12.582,55.698
3394,12.588,55.709
3401,12.488,55.686
3407,12.58,55.702
3411,12.58,55.679
3414,12.562,55.68
3415,12.561,55.679
3420,12.487,55.685
3422,12.486,55.686
3440,12.58,55.704
3443,12.489,55.683
3446,12.488,55.683
3462,12.492,55.687
3464,12.557,55.682
3465,12.556,55.682
3468,12.554,55.682
3472,12.491,55.686
3474,12.49,55.686
3480,12.489,55.686
3495,12.581,55.704
3499,12.563,55.69
3502,12.562,55.69
3504,12.562,55.691
3506,12.548,55.667
3513,12.49,55.683
3517,12.489,55.684
3521,12.495,55.685
3522,12.494,55.685
3530,12.608,55.66
3541,12.61,55.659
3542,12.572,55.671
3546,12.571,55.671
3548,12.485,55.685
3551,12.485,55.686
3553,12.484,55.686
3559,12.601,55.662
3564,12.602,55.662
3566,12.602,55.661
3571,12.603,55.66
3572,12.611,55.662
3576,12.612,55.662
3584,12.612,55.66
3585,12.586,55.678
3586,12.587,55.676
3588,12.485,55.683
3607,12.575,55.677
3634,12.545,55.665
3642,12.486,55.685
3658,12.572,55.695
3659,12.573,55.696
3664,12.574,55.697
3672,12.571,55.695
3682,12.487,55.683
3683,12.486,55.683
3688,12.484,55.683
3694,12.489,55.687
3696,12.488,55.687
3741,12.565,55.691
3746,12.566,55.691
3748,12.566,55.692
3749,12.567,55.692
3750,12.568,55.693
3751,12.549,55.694
3753,12.577,55.674
3756,12.575,55.673
3775,12.484,55.685
3778,12.483,55.685
3779,12.578,55.668
3784,12.573,55.671
3785,12.574,55.671
3786,12.556,55.696
3795,12.556,55.697
3803,12.518,55.665
3825,12.604,55.665
3832,12.577,55.709
3834,12.606,55.661
3845,12.589,55.687
3847,12.588,55.687
3853,12.587,55.687
3855,12.586,55.687
3863,12.586,55.688
3873,12.584,55.688
3874,12.583,55.688
3877,12.559,55.692
3889,12.514,55.665
3893,12.513,55.665
3917,12.513,55.664
3919,12.607,55.665
3923,12.607,55.664
3933,12.573,55.689
3935,12.571,55.69
3936,12.57,55.69
3937,12.584,55.694
3940,12.584,55.693
3941,12.583,55.693
3948,12.582,55.693
3963,12.524,55.664
3968,12.595,55.666
3970,12.594,55.666
3972,12.593,55.666
3976,12.514,55.664
3979,12.555,55.691
3985,12.556,55.692
4002,12.581,55.701
4006,12.606,55.666
4007,12.607,55.666
4008,12.608,55.666
4010,12.608,55.667
4011,12.61,55.667
4013,12.564,55.685
4014,12.565,55.685
4017,12.515,55.664
4024,12.604,55.663
4030,12.604,55.662
4036,12.605,55.662
4044,12.607,55.662
4047,12.564,55.68
4048,12.565,55.681
4049,12.565,55.682
4054,12.566,55.682
4056,12.566,55.683
4063,12.567,55.684
4088,12.483,55.686
4093,12.482,55.687
4096,12.482,55.688
4109,12.512,55.665
4113,12.561,55.688
4114,12.562,55.689
4120,12.569,55.685
4122,12.569,55.686
4123,12.552,55.686
4125,12.551,55.686
4139,12.548,55.687
4143,12.547,55.687
4147,12.546,55.688
4149,12.545,55.688
4152,12.544,55.688
4157,12.543,55.689
4158,12.601,55.676
4159,12.601,55.677
4163,12.523,55.664
4165,12.522,55.664
4169,12.52,55.664
4192,12.581,55.706
4198,12.565,55.686
4201,12.563,55.684
4205,12.561,55.682
4208,12.561,55.681
4213,12.58,55.706
4214,12.58,55.707
4221,12.58,55.708
4249,12.519,55.664
4253,12.59,55.701
4257,12.591,55.701
4263,12.522,55.665
4268,12.572,55.674
4272,12.587,55.7
4282,12.554,55.693
4290,12.551,55.694
4294,12.55,55.695
4303,12.486,55.688
4306,12.485,55.688
4307,12.484,55.688
4309,12.54,55.668
4312,12.54,55.667
4313,12.539,55.667
4315,12.539,55.665
4318,12.538,55.665
4319,12.538,55.664
4324,12.538,55.663
4325,12.585,55.686
4343,12.55,55.704
4345,12.551,55.705
4350,12.552,55.705
4352,12.553,55.706
4356,12.554,55.706
4359,12.554,55.707
4360,12.555,55.707
4366,12.556,55.707
4367,12.556,55.708
4370,12.574,55.663
4372,12.575,55.662
4373,12.574,55.661
4374,12.548,55.704
4382,12.548,55.705
4384,12.549,55.705
4389,12.579,55.672
4390,12.578,55.671
4395,12.573,55.688
4397,12.571,55.661
4398,12.572,55.662
4399,12.544,55.701
4400,12.543,55.702
4401,12.546,55.705
4404,12.546,55.706
4405,12.545,55.706
4408,12.544,55.706
4411,12.545,55.707
4415,12.554,55.708
4417,12.554,55.709
4418,12.553,55.709
4423,12.553,55.71
4428,12.573,55.663
4429,12.572,55.663
4450,12.573,55.662
4451,12.559,55.709
4455,12.559,55.71
4467,12.559,55.711
4468,12.558,55.711
4485,12.558,55.712
4490,12.561,55.706
4492,12.56,55.706
4498,12.56,55.707
4500,12.559,55.707
4508,12.559,55.708
4514,12.572,55.66
4516,12.573,55.661
4517,12.558,55.709
4518,12.557,55.711
4522,12.556,55.711
4523,12.556,55.712
4525,12.56,55.705
4529,12.559,55.705
4530,12.558,55.704
4532,12.558,55.708
4536,12.558,55.707
4537,12.558,55.706
4538,12.565,55.683
4540,12.565,55.684
4541,12.568,55.658
4543,12.569,55.659
4546,12.57,55.658
4547,12.551,55.706
4548,12.549,55.706
4554,12.548,55.706
4560,12.547,55.706
4565,12.555,55.712
4567,12.554,55.711
4573,12.553,55.711
4576,12.552,55.71
4577,12.55,55.708
4581,12.547,55.707
4594,12.545,55.705
4598,12.559,55.674
4600,12.557,55.674
4602,12.556,55.674
4603,12.555,55.674
4605,12.57,55.66
4606,12.557,55.706
4609,12.556,55.706
4610,12.556,55.705
4613,12.555,55.705
4618,12.554,55.705
4619,12.594,55.671
4621,12.542,55.691
4624,12.541,55.691
4625,12.54,55.691
4630,12.54,55.69
4632,12.539,55.69
4635,12.557,55.705
4641,12.556,55.704
4644,12.577,55.675
4649,12.578,55.674
4651,12.579,55.673
4652,12.546,55.696
4655,12.545,55.696
4657,12.545,55.695
4658,12.553,55.701
4659,12.554,55.701
4662,12.555,55.7
4666,12.589,55.67
4678,12.591,55.67
4679,12.592,55.67
4683,12.593,55.67
4685,12.593,55.671
4689,12.546,55.694
4690,12.546,55.695
4701,12.544,55.696
4704,12.55,55.703
4706,12.551,55.703
4708,12.58,55.672
4709,12.58,55.673
4713,12.541,55.688
4714,12.54,55.689
4728,12.555,55.706
4745,12.549,55.709
4746,12.548,55.708
4748,12.547,55.708
4754,12.538,55.691
4755,12.537,55.691
4760,12.537,55.692
4764,12.536,55.692
4770,12.536,55.693
4782,12.536,55.694
4796,12.536,55.695
4799,12.535,55.695
4805,12.552,55.706
4807,12.552,55.707
4808,12.551,55.707
4810,12.551,55.708
4815,12.57,55.661
4818,12.573,55.66
4820,12.549,55.704
4831,12.591,55.696
4839,12.547,55.705
4864,12.557,55.712
4866,12.542,55.692
4870,12.556,55.672
4874,12.557,55.671
4879,12.557,55.67
4881,12.558,55.67
4890,12.559,55.67
4891,12.559,55.713
4898,12.565,55.711
4899,12.563,55.712
4902,12.562,55.712
4906,12.56,55.712
4907,12.583,55.676
4909,12.584,55.676
4910,12.585,55.676
4913,12.585,55.675
4914,12.586,55.675
4916,12.561,55.713
4917,12.562,55.713
4920,12.563,55.713
4921,12.564,55.713
4925,12.565,55.713
4926,12.565,55.714
4929,12.566,55.714
4933,12.567,55.714
4936,12.568,55.714
4938,12.562,55.681
4943,12.564,55.712
4948,12.566,55.713
4951,12.603,55.654
4952,12.602,55.654
4957,12.601,55.654
4959,12.6,55.654
4963,12.599,55.655
4966,12.598,55.655
4970,12.597,55.655
4973,12.596,55.655
4975,12.595,55.655
4976,12.594,55.655
4979,12.57,55.709
4981,12.569,55.709
4991,12.567,55.709
4995,12.602,55.658
4998,12.604,55.657
5005,12.566,55.707
5006,12.566,55.708
5008,12.565,55.708
5011,12.565,55.709
5014,12.6,55.659
5016,12.601,55.659
5017,12.601,55.658
5018,12.6,55.658
5020,12.598,55.658
5023,12.566,55.711
5026,12.566,55.71
5031,12.57,55.674
5032,12.571,55.674
5039,12.599,55.676
5041,12.6,55.676
5044,12.577,55.671
5048,12.578,55.672
5050,12.562,55.71
5052,12.563,55.71
5054,12.564,55.711
5058,12.565,55.707
5060,12.564,55.708
5068,12.601,55.657
5072,12.6,55.656
5078,12.604,55.655
5081,12.603,55.655
5082,12.602,55.655
5085,12.601,55.656
5097,12.566,55.709
5100,12.593,55.688
5101,12.592,55.688
5104,12.592,55.689
5105,12.591,55.689
5114,12.589,55.691
5117,12.599,55.659
5121,12.562,55.707
5123,12.561,55.707
5127,12.559,55.706
5134,12.566,55.656
5135,12.567,55.656
5137,12.568,55.655
5138,12.569,55.655
5139,12.571,55.669
5140,12.567,55.667
5141,12.561,55.709
5147,12.59,55.687
5148,12.59,55.688
5150,12.589,55.688
5159,12.588,55.688
5164,12.587,55.688
5173,12.585,55.689
5181,12.597,55.656
5186,12.563,55.707
5191,12.562,55.708
5193,12.562,55.709
5196,12.561,55.71
5200,12.56,55.711
5209,12.56,55.713
5210,12.559,55.714
5215,12.6,55.657
5217,12.599,55.657
5218,12.597,55.658
5248,12.566,55.687
5251,12.557,55.708
5260,12.56,55.71
5273,12.605,55.657
5278,12.605,55.656
5280,12.604,55.656
5325,12.559,55.712
5331,12.592,55.675
5334,12.593,55.675
5425,12.602,55.656
5428,12.6,55.655
5431,12.573,55.685
5434,12.57,55.685
5438,12.595,55.674
5448,12.598,55.673
5490,12.561,55.705
5499,12.558,55.705
5503,12.571,55.66
5511,12.567,55.71
5512,12.568,55.71
5513,12.55,55.702
5518,12.552,55.703
5521,12.552,55.704
5529,12.551,55.704
5560,12.588,55.689
5575,12.541,55.694
5580,12.54,55.694
5584,12.539,55.694
5589,12.538,55.694
5591,12.54,55.7
5593,12.539,55.7
5595,12.551,55.697
5596,12.551,55.698
5600,12.55,55.698
5606,12.54,55.693
5608,12.55,55.697
5611,12.549,55.697
5618,12.54,55.695
5622,12.54,55.696
5627,12.54,55.697
5637,12.594,55.688
5638,12.595,55.688
5640,12.596,55.688
5641,12.597,55.688
5644,12.598,55.688
5647,12.543,55.697
5649,12.544,55.697
5654,12.591,55.687
5659,12.561,55.667
5660,12.56,55.668
5661,12.559,55.668
5663,12.558,55.668
5666,12.559,55.667
5668,12.56,55.667
5669,12.552,55.698
5674,12.55,55.699
5677,12.549,55.699
5678,12.545,55.697
5685,12.544,55.695
5687,12.543,55.695
5689,12.543,55.694
5692,12.542,55.694
5696,12.542,55.693
5697,12.541,55.693
5701,12.541,55.692
5706,12.539,55.691
5713,12.543,55.696
5719,12.548,55.699
5721,12.547,55.7
5724,12.546,55.7
5727,12.594,55.696
5730,12.595,55.697
5731,12.595,55.698
5733,12.551,55.696
5739,12.546,55.697
5741,12.547,55.698
5744,12.539,55.698
5745,12.538,55.698
5747,12.537,55.698
5750,12.553,55.698
5753,12.552,55.699
5757,12.551,55.699
5762,12.549,55.7
5766,12.548,55.7
5775,12.547,55.701
5778,12.547,55.697
5779,12.548,55.697
5781,12.548,55.698
5782,12.549,55.698
5793,12.551,55.7
5794,12.552,55.7
5797,12.552,55.701
5801,12.584,55.685
5803,12.584,55.684
5806,12.585,55.684
5809,12.587,55.684
5810,12.588,55.683
5812,12.589,55.683
5814,12.547,55.696
5818,12.548,55.696
5851,12.553,55.699
5853,12.553,55.7
5856,12.542,55.697
5860,12.542,55.698
5870,12.543,55.698
5874,12.592,55.672
5881,12.594,55.673
5889,12.54,55.699
5894,12.539,55.699
5900,12.576,55.691
5902,12.574,55.692
5903,12.542,55.699
5904,12.541,55.699
5911,12.54,55.698
5915,12.538,55.7
5917,12.538,55.699
5919,12.537,55.699
5925,12.539,55.697
5944,12.539,55.693
5953,12.544,55.698
5954,12.545,55.698
5960,12.545,55.699
5961,12.546,55.699
5981,12.549,55.701
6011,12.55,55.701
6016,12.551,55.701
6023,12.539,55.695
6024,12.538,55.695
6032,12.57,55.671
6033,12.57,55.672
6037,12.539,55.692
6040,12.538,55.693
6051,12.538,55.696
6055,12.538,55.697
6078,12.548,55.695
6084,12.587,55.689
6109,12.597,55.689
6110,12.598,55.689
6113,12.588,55.692
6114,12.59,55.693
6115,12.591,55.693
6117,12.592,55.694
6120,12.593,55.694
6121,12.563,55.679
6123,12.562,55.679
6143,12.568,55.685
6147,12.566,55.686
6149,12.539,55.701
6156,12.54,55.701
6172,12.54,55.702
6174,12.54,55.703
6175,12.542,55.689
6177,12.541,55.689
6200,12.548,55.701
6202,12.548,55.702
6204,12.549,55.702
6212,12.543,55.69
6213,12.542,55.69
6226,12.572,55.684
6233,12.569,55.684
6265,12.557,55.704
6285,12.546,55.693
6289,12.545,55.693
6290,12.545,55.694
6293,12.544,55.694
6299,12.543,55.699
6302,12.545,55.7
6308,12.545,55.701
6309,12.546,55.701
6312,12.544,55.69
6313,12.544,55.691
6316,12.543,55.691
6317,12.543,55.692
6319,12.543,55.693
6329,12.554,55.7
6340,12.551,55.702
6348,12.553,55.704
6350,12.554,55.704
6355,12.555,55.704
6358,12.557,55.703
6360,12.547,55.693
6368,12.562,55.673
6369,12.562,55.672
6377,12.563,55.671
6386,12.564,55.67
6390,12.59,55.685
6410,12.589,55.685
6428,12.546,55.692
6429,12.545,55.692
6430,12.544,55.693
6449,12.555,55.702
6451,12.556,55.703
6457,12.558,55.703
6458,12.545,55.691
6460,12.559,55.703
6472,12.557,55.707
6475,12.591,55.685
6477,12.592,55.684
6480,12.593,55.684
6484,12.554,55.703
6511,12.579,55.694
6513,12.578,55.695
6515,12.545,55.703
6517,12.546,55.702
6519,12.541,55.696
6526,12.539,55.696
6555,12.536,55.691
6583,12.582,55.695
6584,12.581,55.696
6586,12.58,55.696
6593,12.549,55.703
6598,12.548,55.703
6601,12.547,55.703
6607,12.544,55.705
6608,12.543,55.706
6610,12.542,55.706
6620,12.589,55.686
6622,12.588,55.686
6649,12.543,55.701
6656,12.541,55.7
6658,12.541,55.701
6665,12.538,55.692
6669,12.537,55.693
6681,12.541,55.69
6699,12.591,55.686
6700,12.59,55.686
6721,12.544,55.7
6727,12.542,55.701
6738,12.538,55.701
6742,12.542,55.702
6748,12.594,55.685
6751,12.592,55.685
6755,12.59,55.679
6756,12.591,55.678
6759,12.547,55.695
6810,12.585,55.69
6811,12.561,55.711
6824,12.565,55.712
6825,12.566,55.712
6826,12.569,55.675
6828,12.57,55.675
6829,12.622,55.657
6833,12.623,55.657
6839,12.624,55.656
6840,12.624,55.655
6841,12.624,55.657
6844,12.625,55.656
6846,12.604,55.664
6847,12.605,55.664
6848,12.606,55.663
6849,12.607,55.663
6850,12.608,55.662
6852,12.575,55.693
6853,12.555,55.684
6857,12.555,55.685
6858,12.554,55.685
6863,12.553,55.685
6867,12.552,55.685
6870,12.616,55.658
6873,12.617,55.659
6875,12.618,55.659
6877,12.619,55.659
6881,12.619,55.658
6884,12.558,55.682
6888,12.557,55.683
6911,12.595,55.695
6912,12.596,55.695
6913,12.551,55.685
6914,12.55,55.685
6915,12.548,55.685
6919,12.578,55.706
6921,12.579,55.706
6928,12.615,55.659
6931,12.616,55.659
6941,12.618,55.66
6942,12.619,55.66
6948,12.579,55.697
6951,12.565,55.67
6970,12.565,55.669
7016,12.565,55.668
7025,12.564,55.668
7035,12.564,55.667
7037,12.563,55.667
7044,12.562,55.667
7045,12.559,55.665
7050,12.577,55.702
7051,12.621,55.657
7059,12.625,55.658
7076,12.618,55.658
7077,12.594,55.684
7084,12.595,55.686
7087,12.595,55.687
7090,12.596,55.687
7095,12.597,55.675
7099,12.598,55.676
7104,12.621,55.659
7107,12.622,55.658
7109,12.623,55.658
7114,12.626,55.657
7118,12.627,55.657
7122,12.628,55.657
7130,12.629,55.657
7150,12.583,55.706
7152,12.585,55.707
7162,12.627,55.656
7163,12.628,55.656
7171,12.588,55.707
7173,12.589,55.707
7175,12.59,55.707
7176,12.582,55.692
7178,12.581,55.692
7181,12.577,55.715
7185,12.576,55.715
7191,12.575,55.715
7198,12.574,55.715
7202,12.574,55.714
7205,12.573,55.714
7210,12.572,55.714
7214,12.571,55.714
7217,12.57,55.714
7222,12.569,55.714
7223,12.61,55.657
7225,12.61,55.658
7229,12.567,55.687
7234,12.579,55.711
7235,12.579,55.712
7238,12.579,55.713
7242,12.577,55.714
7247,12.576,55.714
7259,12.576,55.716
7262,12.571,55.713
7275,12.57,55.715
7280,12.61,55.655
7283,12.612,55.655
7286,12.613,55.656
7292,12.614,55.656
7295,12.617,55.656
7298,12.574,55.713
7316,12.573,55.715
7330,12.608,55.658
7333,12.609,55.658
7347,12.611,55.66
7354,12.614,55.66
7357,12.555,55.673
7361,12.573,55.713
7393,12.573,55.716
7401,12.625,55.657
7411,12.626,55.656
7414,12.578,55.713
7419,12.58,55.713
7422,12.573,55.717
7423,12.574,55.717
7425,12.575,55.717
7426,12.575,55.716
7431,12.577,55.716
7465,12.617,55.658
7477,12.62,55.658
7480,12.588,55.678
7486,12.59,55.678
7498,12.586,55.679
7501,12.572,55.715
7503,12.572,55.716
7526,12.578,55.704
7531,12.577,55.705
7535,12.577,55.707
7546,12.612,55.663
7552,12.613,55.662
7564,12.553,55.672
7567,12.552,55.672
7569,12.552,55.671
7572,12.552,55.67
7575,12.567,55.676
7577,12.565,55.676
7578,12.567,55.683
7591,12.624,55.659
7594,12.625,55.659
7597,12.626,55.659
7602,12.627,55.659
7603,12.586,55.666
7604,12.582,55.667
7605,12.581,55.668
7607,12.621,55.66
7610,12.622,55.66
7612,12.623,55.66
7615,12.624,55.66
7621,12.625,55.66
7622,12.586,55.672
7623,12.587,55.672
7624,12.588,55.672
7625,12.578,55.708
7628,12.579,55.708
7634,12.581,55.708
7637,12.582,55.708
7650,12.586,55.708
7660,12.589,55.709
7661,12.582,55.682
7662,12.582,55.683
7663,12.583,55.683
7664,12.583,55.684
7678,12.585,55.685
7682,12.591,55.7
7691,12.617,55.66
7695,12.561,55.687
7696,12.561,55.686
7697,12.56,55.686
7732,12.582,55.705
7742,12.565,55.665
7743,12.563,55.664
7744,12.561,55.663
7745,12.579,55.669
7747,12.579,55.668
7762,12.623,55.663
7764,12.624,55.662
7765,12.625,55.662
7768,12.625,55.661
7777,12.626,55.66
7787,12.628,55.658
7789,12.58,55.697
7806,12.584,55.698
7811,12.585,55.698
7820,12.586,55.699
7825,12.587,55.699
7833,12.588,55.699
7844,12.59,55.689
7848,12.62,55.66
7852,12.576,55.699
7853,12.576,55.7
7856,12.574,55.7
7857,12.573,55.701
7858,12.572,55.702
7859,12.57,55.703
7861,12.569,55.703
7862,12.568,55.704
7864,12.566,55.705
7867,12.565,55.706
7870,12.564,55.706
7880,12.592,55.697
7891,12.592,55.698
7894,12.592,55.699
7905,12.561,55.672
7933,12.624,55.658
7943,12.591,55.703
7948,12.577,55.693
7949,12.576,55.694
7952,12.615,55.66
7953,12.616,55.66
7960,12.591,55.705
7965,12.59,55.706
7972,12.589,55.708
8003,12.6,55.661
8005,12.573,55.691
8006,12.603,55.662
8022,12.599,55.665
8027,12.623,55.659
8034,12.608,55.665
8035,12.608,55.664
8042,12.62,55.659
8048,12.622,55.659
8054,12.609,55.662
8059,12.621,55.661
8063,12.61,55.656
8066,12.609,55.655
8076,12.607,55.655
8081,12.613,55.66
8084,12.577,55.71
8085,12.576,55.71
8087,12.575,55.71
8089,12.574,55.71
8092,12.573,55.71
8093,12.572,55.71
8096,12.571,55.71
8099,12.57,55.71
8101,12.611,55.653
8104,12.609,55.653
8107,12.607,55.654
8110,12.605,55.654
8111,12.604,55.654
8117,12.591,55.688
8121,12.569,55.71
8130,12.575,55.712
8138,12.575,55.711
8143,12.559,55.669
8144,12.611,55.654
8149,12.609,55.654
8158,12.574,55.712
8170,12.607,55.658
8173,12.608,55.657
8179,12.609,55.656
8182,12.607,55.656
8191,12.584,55.682
8192,12.584,55.683
8206,12.586,55.684
8207,12.586,55.685
8209,12.609,55.657
8215,12.607,55.657
8218,12.606,55.657
8220,12.606,55.656
8229,12.569,55.712
8232,12.568,55.712
8236,12.567,55.712
8237,12.577,55.713
8239,12.576,55.713
8249,12.573,55.712
8253,12.572,55.712
8257,12.571,55.712
8263,12.57,55.712
8266,12.569,55.711
8272,12.568,55.711
8275,12.567,55.711
8294,12.576,55.711
8298,12.558,55.669
8300,12.557,55.669
8395,12.608,55.656
8397,12.606,55.655
8399,12.605,55.655
8412,12.564,55.679
8414,12.565,55.679
8433,12.563,55.711
8436,12.562,55.711
8454,12.592,55.686
8455,12.592,55.687
8457,12.593,55.687
8464,12.588,55.682
8470,12.589,55.682
8481,12.59,55.684
8518,12.561,55.714
8519,12.562,55.714
8520,12.563,55.714
8521,12.564,55.714
8523,12.564,55.715
8524,12.565,55.715
8549,12.563,55.708
8579,12.563,55.676
8586,12.563,55.677
8589,12.578,55.71
8591,12.579,55.71
8594,12.58,55.71
8596,12.581,55.71
8598,12.582,55.71
8599,12.583,55.71
8647,12.615,55.654
8651,12.572,55.713
8669,12.571,55.715
8674,12.561,55.676
8677,12.559,55.676
8678,12.562,55.676
8689,12.578,55.711
8700,12.578,55.709
8713,12.578,55.712
8724,12.578,55.714
8729,12.578,55.715
8737,12.578,55.716
8738,12.615,55.655
8741,12.616,55.654
8750,12.612,55.657
8755,12.575,55.713
8758,12.575,55.714
8783,12.587,55.693
8799,12.586,55.695
8802,12.589,55.679
8816,12.592,55.678
8824,12.569,55.715
8826,12.611,55.658
8866,12.57,55.713
8868,12.569,55.713
8913,12.568,55.672
8916,12.569,55.671
8921,12.569,55.67
8925,12.57,55.669
8928,12.572,55.668
8933,12.611,55.659
8938,12.612,55.658
8945,12.613,55.657
8955,12.613,55.655
8956,12.614,55.655
8959,12.561,55.673
8979,12.568,55.713
8981,12.567,55.713
8983,12.564,55.678
8993,12.565,55.678
8996,12.614,55.658
8998,12.613,55.658
9000,12.577,55.711
9008,12.572,55.711
9009,12.571,55.711
9018,12.618,55.654
9033,12.571,55.709
9048,12.57,55.711
9079,12.574,55.711
9103,12.612,55.654
9133,12.616,55.657
9134,12.617,55.657
9141,12.618,55.655
9146,12.619,55.654
9148,12.572,55.708
9149,12.572,55.709
9174,12.589,55.676
9183,12.577,55.712
9185,12.576,55.712
9218,12.602,55.677
9219,12.602,55.676
9220,12.603,55.676
9221,12.576,55.717
9224,12.575,55.719
9226,12.575,55.72
9229,12.517,55.668
9231,12.578,55.679
9235,12.577,55.68
9238,12.576,55.68
9256,12.571,55.696
9257,12.546,55.665
9265,12.582,55.681
9275,12.539,55.669
9276,12.538,55.669
9278,12.537,55.668
9280,12.536,55.668
9281,12.588,55.673
9286,12.589,55.673
9292,12.575,55.721
9297,12.575,55.722
9301,12.575,55.723
9303,12.605,55.666
9305,12.605,55.665
9307,12.606,55.665
9308,12.574,55.696
9315,12.589,55.674
9318,12.59,55.674
9320,12.591,55.674
9322,12.591,55.675
9326,12.592,55.676
9327,12.593,55.676
9329,12.594,55.676
9332,12.595,55.676
9333,12.595,55.677
9335,12.596,55.677
9336,12.597,55.677
9338,12.598,55.678
9344,12.544,55.669
9345,12.545,55.669
9347,12.578,55.702
9350,12.51,55.667
9353,12.509,55.667
9357,12.508,55.667
9362,12.507,55.667
9367,12.506,55.667
9372,12.505,55.667
9381,12.512,55.667
9382,12.511,55.667
9389,12.587,55.706
9396,12.56,55.681
9402,12.545,55.664
9403,12.545,55.687
9404,12.544,55.687
9408,12.543,55.688
9415,12.542,55.688
9420,12.574,55.719
9423,12.573,55.719
9435,12.508,55.668
9440,12.508,55.669
9442,12.563,55.678
9449,12.563,55.68
9451,12.588,55.708
9459,12.598,55.662
9462,12.599,55.661
9468,12.555,55.683
9469,12.546,55.687
9471,12.546,55.686
9472,12.579,55.681
9474,12.58,55.681
9476,12.559,55.675
9482,12.606,55.664
9488,12.609,55.664
9489,12.577,55.717
9490,12.578,55.717
9492,12.579,55.717
9493,12.579,55.718
9494,12.58,55.718
9497,12.581,55.718
9505,12.582,55.718
9506,12.583,55.718
9507,12.552,55.687
9512,12.551,55.688
9516,12.509,55.668
9518,12.509,55.669
9522,12.605,55.667
9526,12.562,55.674
9527,12.562,55.675
9537,12.562,55.677
9539,12.575,55.666
9540,12.575,55.665
9544,12.577,55.665
9550,12.578,55.665
9551,12.578,55.664
9552,12.579,55.664
9557,12.58,55.664
9560,12.58,55.663
9561,12.581,55.663
9563,12.585,55.681
9564,12.584,55.681
9565,12.583,55.681
9588,12.507,55.668
9590,12.507,55.669
9595,12.553,55.669
9597,12.553,55.668
9610,12.581,55.717
9611,12.583,55.717
9620,12.553,55.671
9626,12.553,55.67
9635,12.52,55.667
9639,12.542,55.665
9644,12.541,55.664
9649,12.588,55.691
9658,12.577,55.718
9664,12.577,55.719
9669,12.577,55.72
9674,12.577,55.721
9678,12.577,55.722
9692,12.585,55.715
9694,12.586,55.714
9699,12.603,55.661
9706,12.582,55.697
9710,12.583,55.697
9712,12.584,55.697
9724,12.587,55.698
9729,12.588,55.698
9732,12.589,55.698
9742,12.545,55.69
9762,12.511,55.669
9765,12.51,55.669
9780,12.506,55.669
9783,12.505,55.669
9788,12.589,55.697
9789,12.566,55.677
9790,12.564,55.677
9828,12.574,55.681
9832,12.574,55.682
9836,12.573,55.682
9837,12.578,55.681
9841,12.581,55.707
9868,12.578,55.722
9871,12.578,55.721
9873,12.579,55.721
9878,12.58,55.721
9879,12.581,55.721
9884,12.582,55.72
9889,12.583,55.72
9899,12.582,55.707
9902,12.587,55.64
9903,12.587,55.639
9910,12.576,55.709
9916,12.574,55.707
9932,12.574,55.665
9937,12.589,55.642
9938,12.589,55.643
9944,12.589,55.644
9947,12.589,55.645
9948,12.512,55.668
9951,12.575,55.69
9952,12.578,55.69
9966,12.596,55.664
9970,12.58,55.669
9999,12.59,55.643
10000,12.591,55.643
10008,12.578,55.666
10027,12.572,55.696
10030,12.58,55.682
10037,12.547,55.673
10039,12.601,55.675
10041,12.592,55.649
10042,12.592,55.648
10043,12.592,55.647
10047,12.592,55.646
10052,12.592,55.645
10055,12.592,55.644
10063,12.57,55.679
10065,12.57,55.68
10068,12.569,55.68
10070,12.569,55.681
10074,12.582,55.689
10076,12.555,55.67
10087,12.552,55.669
10094,12.572,55.697
10101,12.587,55.634
10106,12.587,55.633
10108,12.586,55.63
10109,12.588,55.633
10112,12.585,55.634
10114,12.584,55.634
10131,12.59,55.695
10133,12.589,55.695
10137,12.56,55.688
10141,12.559,55.688
10142,12.559,55.687
10147,12.558,55.687
10148,12.558,55.686
10153,12.557,55.685
10156,12.556,55.685
10161,12.557,55.673
10172,12.556,55.67
10178,12.587,55.691
10185,12.584,55.635
10196,12.583,55.63
10207,12.588,55.643
10211,12.587,55.643
10228,12.575,55.674
10233,12.576,55.673
10237,12.577,55.673
10239,12.577,55.672
10295,12.581,55.719
10302,12.581,55.72
10310,12.574,55.72
10315,12.573,55.721
10328,12.573,55.722
10335,12.585,55.699
10367,12.576,55.682
10370,12.577,55.682
10384,12.582,55.635
10385,12.583,55.635
10391,12.576,55.72
10406,12.573,55.72
10425,12.597,55.664
10446,12.605,55.663
10448,12.577,55.681
10487,12.558,55.665
10488,12.557,55.665
10491,12.556,55.665
10495,12.555,55.665
10498,12.554,55.665
10504,12.553,55.665
10506,12.552,55.664
10510,12.585,55.682
10517,12.587,55.683
10526,12.588,55.684
10527,12.588,55.685
10544,12.549,55.664
10548,12.548,55.664
10549,12.547,55.664
10556,12.545,55.663
10561,12.543,55.663
10563,12.542,55.663
10569,12.578,55.707
10578,12.599,55.662
10584,12.597,55.662
10585,12.589,55.702
10587,12.589,55.703
10594,12.591,55.642
10596,12.59,55.641
10601,12.589,55.641
10604,12.575,55.68
10606,12.574,55.68
10614,12.59,55.642
10619,12.588,55.642
10623,12.587,55.641
10624,12.586,55.641
10630,12.571,55.672
10648,12.557,55.672
10653,12.558,55.671
10690,12.578,55.718
10704,12.583,55.719
10709,12.578,55.682
10711,12.579,55.683
10717,12.547,55.686
10718,12.547,55.685
10722,12.565,55.675
10735,12.565,55.731
10739,12.566,55.731
10760,12.576,55.728
10763,12.575,55.728
10764,12.574,55.728
10768,12.573,55.728
10771,12.572,55.728
10774,12.571,55.728
10777,12.57,55.728
10779,12.569,55.729
10783,12.561,55.674
10807,12.61,55.663
10810,12.575,55.724
10817,12.574,55.724
10820,12.574,55.725
10825,12.574,55.726
10826,12.574,55.727
10831,12.567,55.728
10833,12.566,55.728
10836,12.566,55.729
10841,12.565,55.729
10842,12.565,55.73
10855,12.572,55.678
10856,12.571,55.678
10865,12.57,55.678
10881,12.57,55.677
10886,12.569,55.677
10908,12.546,55.671
10916,12.545,55.668
10918,12.544,55.668
10920,12.544,55.667
10928,12.546,55.667
10929,12.545,55.667
10936,12.587,55.679
10939,12.587,55.678
10947,12.588,55.677
10952,12.595,55.689
10956,12.573,55.723
10958,12.573,55.724
10977,12.558,55.69
10981,12.559,55.69
10986,12.56,55.69
10987,12.56,55.691
11001,12.586,55.671
11006,12.575,55.726
11010,12.575,55.727
11020,12.576,55.727
11032,12.539,55.664
11035,12.581,55.68
11040,12.57,55.696
11041,12.57,55.697
11042,12.569,55.697
11043,12.568,55.698
11044,12.566,55.699
11045,12.565,55.7
11054,12.574,55.679
11059,12.573,55.679
11071,12.547,55.669
11078,12.588,55.694
11079,12.589,55.694
11080,12.57,55.723
11081,12.571,55.723
11083,12.572,55.724
11106,12.576,55.724
11108,12.577,55.724
11109,12.577,55.723
11111,12.578,55.723
11113,12.577,55.725
11116,12.576,55.725
11117,12.575,55.725
11128,12.573,55.725
11130,12.572,55.725
11133,12.571,55.725
11134,12.571,55.726
11140,12.57,55.726
11141,12.569,55.726
11178,12.552,55.668
11183,12.58,55.675
11192,12.578,55.68
11201,12.577,55.679
11202,12.576,55.679
11207,12.551,55.674
11209,12.55,55.673
11233,12.551,55.695
11234,12.55,55.696
11235,12.598,55.661
11242,12.57,55.724
11246,12.569,55.725
11250,12.569,55.727
11259,12.569,55.728
11265,12.569,55.73
11268,12.568,55.73
11270,12.558,55.683
11273,12.563,55.728
11277,12.563,55.727
11278,12.562,55.725
11281,12.564,55.681
11282,12.563,55.682
11287,12.562,55.682
11293,12.564,55.731
11299,12.563,55.731
11307,12.563,55.729
11310,12.564,55.729
11312,12.564,55.73
11325,12.55,55.694
11329,12.569,55.679
11332,12.568,55.68
11336,12.574,55.729
11338,12.573,55.729
11341,12.572,55.729
11344,12.571,55.729
11348,12.57,55.729
11354,12.566,55.678
11355,12.567,55.678
11358,12.567,55.677
11359,12.568,55.677
11380,12.579,55.693
11382,12.572,55.679
11385,12.571,55.679
11395,12.569,55.678
11401,12.568,55.678
11452,12.539,55.668
11488,12.578,55.724
11499,12.577,55.726
11501,12.576,55.726
11510,12.576,55.729
11514,12.555,55.671
11517,12.556,55.671
11531,12.571,55.727
11532,12.57,55.727
11556,12.554,55.666
11562,12.58,55.665
11564,12.574,55.721
11566,12.595,55.684
11568,12.596,55.685
11570,12.597,55.686
11575,12.554,55.695
11599,12.553,55.697
11611,12.554,55.698
11618,12.555,55.698
11628,12.583,55.682
11638,12.581,55.682
11643,12.58,55.683
11658,12.583,55.721
11659,12.583,55.722
11670,12.578,55.719
11672,12.579,55.719
11676,12.58,55.719
11686,12.582,55.719
11705,12.505,55.668
11734,12.555,55.666
11745,12.556,55.69
11746,12.555,55.689
11750,12.555,55.688
11758,12.553,55.687
11793,12.579,55.72
11795,12.568,55.684
11803,12.506,55.668
11817,12.514,55.667
11819,12.574,55.689
11820,12.572,55.691
11823,12.511,55.668
11827,12.566,55.685
11834,12.576,55.705
11837,12.573,55.705
11883,12.514,55.668
11889,12.584,55.717
11890,12.584,55.718
11900,12.579,55.662
11901,12.579,55.663
11904,12.559,55.691
11922,12.555,55.694
11933,12.572,55.68
11934,12.571,55.68
11948,12.568,55.679
11952,12.567,55.679
11954,12.566,55.679
11959,12.577,55.666
11966,12.579,55.665
11978,12.581,55.664
11984,12.582,55.664
11985,12.583,55.664
11986,12.562,55.699
11993,12.576,55.723
12007,12.574,55.723
12016,12.572,55.723
12018,12.571,55.722
12026,12.561,55.675
12038,12.581,55.681
12071,12.583,55.704
12079,12.58,55.72
12087,12.592,55.681
12092,12.593,55.681
12098,12.593,55.682
12099,12.594,55.682
12110,12.575,55.718
12113,12.574,55.718
12122,12.572,55.72
12126,12.572,55.721
12135,12.541,55.668
12141,12.56,55.689
12148,12.561,55.69
12172,12.506,55.666
12221,12.514,55.669
12222,12.513,55.669
12223,12.512,55.669
12224,12.515,55.667
12254,12.565,55.701
12262,12.564,55.701
12264,12.564,55.702
12268,12.563,55.702
12272,12.563,55.703
12289,12.564,55.703
12295,12.564,55.704
12301,12.572,55.673
12302,12.571,55.673
12307,12.569,55.672
12310,12.576,55.684
12313,12.574,55.684
12323,12.579,55.722
12324,12.58,55.722
12325,12.581,55.722
12334,12.558,55.691
12335,12.555,55.686
12369,12.576,55.681
12395,12.548,55.694
12406,12.59,55.673
12423,12.575,55.683
12424,12.574,55.683
12446,12.558,55.685
12454,12.556,55.686
12458,12.555,55.687
12459,12.554,55.687
12463,12.59,55.655
12464,12.59,55.653
12466,12.589,55.653
12468,12.589,55.652
12470,12.588,55.65
12473,12.588,55.649
12474,12.59,55.698
12477,12.588,55.697
12503,12.56,55.673
12504,12.559,55.673
12510,12.591,55.662
12513,12.575,55.696
12515,12.575,55.697
12540,12.592,55.659
12541,12.59,55.659
12542,12.589,55.659
12569,12.542,55.669
12593,12.593,55.653
12596,12.542,55.687
12626,12.599,55.66
12653,12.596,55.672
12654,12.579,55.682
12665,12.578,55.693
12667,12.562,55.686
12686,12.556,55.688
12690,12.585,55.663
12691,12.584,55.662
12693,12.584,55.661
12695,12.584,55.66
12699,12.584,55.659
12706,12.583,55.659
12719,12.584,55.658
12723,12.585,55.658
12724,12.585,55.657
12725,12.586,55.657
12728,12.587,55.657
12736,12.587,55.656
12753,12.588,55.656
12758,12.588,55.655
12759,12.589,55.655
12790,12.589,55.654
12794,12.588,55.653
12795,12.588,55.652
12796,12.585,55.645
12799,12.578,55.662
12809,12.592,55.652
12810,12.591,55.651
12813,12.579,55.704
12823,12.55,55.674
12841,12.552,55.665
12846,12.594,55.654
12848,12.594,55.653
12855,12.593,55.652
12862,12.593,55.651
12865,12.592,55.651
12866,12.592,55.65
12876,12.573,55.683
12888,12.588,55.667
12891,12.587,55.667
12893,12.587,55.666
12903,12.586,55.665
12913,12.564,55.682
12922,12.579,55.707
12940,12.593,55.66
12941,12.591,55.66
12942,12.59,55.66
12943,12.589,55.66
12975,12.595,55.649
12993,12.583,55.663
12994,12.582,55.663
12999,12.547,55.666
13007,12.59,55.652
13040,12.538,55.668
13043,12.537,55.667
13064,12.59,55.694
13074,12.591,55.695
13077,12.555,55.669
13078,12.556,55.669
13098,12.576,55.692
13109,12.578,55.694
13114,12.579,55.695
13115,12.58,55.695
13128,12.554,55.671
13148,12.576,55.672
13173,12.585,55.702
13176,12.609,55.665
13247,12.578,55.688
13248,12.579,55.688
13254,12.584,55.69
13283,12.543,55.668
13293,12.602,55.678
13315,12.603,55.679
13317,12.574,55.693
13345,12.577,55.695
13351,12.579,55.696
13361,12.566,55.69
13370,12.563,55.692
13389,12.543,55.687
13399,12.549,55.672
13408,12.592,55.655
13413,12.59,55.65
13419,12.589,55.649
13457,12.591,55.65
13461,12.589,55.65
13466,12.578,55.663
13493,12.598,55.666
13537,12.594,55.662
13538,12.593,55.661
13583,12.577,55.694
13589,12.607,55.677
13591,12.608,55.677
13595,12.608,55.678
13597,12.609,55.678
13598,12.609,55.679
13600,12.61,55.679
13601,12.61,55.68
13604,12.61,55.681
13607,12.61,55.682
13609,12.61,55.683
13613,12.56,55.692
13623,12.602,55.675
13627,12.602,55.674
13628,12.603,55.674
13632,12.604,55.675
13637,12.605,55.675
13639,12.607,55.676
13644,12.573,55.684
13647,12.6,55.662
13650,12.59,55.645
13651,12.59,55.644
13656,12.58,55.7
13661,12.555,55.682
13695,12.57,55.682
13696,12.571,55.683
13708,12.554,55.689
13709,12.553,55.689
13717,12.582,55.694
13742,12.548,55.688
13765,12.585,55.635
13767,12.585,55.63
13773,12.556,55.7
13774,12.557,55.701
13775,12.558,55.702
13787,12.56,55.704
13796,12.562,55.706
13806,12.587,55.645
13808,12.587,55.644
13814,12.586,55.642
13841,12.589,55.64
13850,12.586,55.639
13864,12.567,55.694
13867,12.565,55.696
13868,12.564,55.696
13869,12.564,55.697
13870,12.563,55.697
13890,12.567,55.707
13891,12.568,55.707
13900,12.58,55.677
13902,12.579,55.677
13917,12.549,55.685
13923,12.564,55.692
13924,12.566,55.693
13925,12.566,55.694
13928,12.586,55.64
13932,12.585,55.639
13939,12.575,55.681
13942,12.573,55.681
13944,12.572,55.681
13946,12.571,55.681
13983,12.582,55.676
13989,12.583,55.675
14034,12.589,55.639
14036,12.589,55.638
14039,12.588,55.636
14043,12.588,55.635
14051,12.588,55.632
14052,12.588,55.631
14053,12.588,55.63
14058,12.549,55.695
14084,12.554,55.699
14089,12.579,55.709
14093,12.538,55.667
14143,12.587,55.696
14146,12.588,55.696
17432,12.546,55.669
18627,12.566,55.684
24756,12.573,55.677
25935,12.606,55.682
25936,12.607,55.682
26147,12.604,55.681
26148,12.603,55.682
26157,12.57,55.686
26159,12.571,55.687
26208,12.567,55.691
26239,12.605,55.682
26240,12.607,55.681
26411,12.605,55.681
26430,12.579,55.687
26485,12.603,55.68
26486,12.602,55.68
26907,12.614,55.682
26911,12.615,55.681
26912,12.617,55.68
26913,12.617,55.679
26914,12.619,55.677
26930,12.606,55.672
26931,12.611,55.673
26932,12.611,55.674
26933,12.612,55.674
26935,12.613,55.674
26936,12.613,55.675
26938,12.615,55.675
26939,12.617,55.676
26940,12.618,55.676
26947,12.616,55.675
26948,12.621,55.669
27087,12.513,55.668
27291,12.581,55.63
34200,12.564,55.675
34202,12.564,55.674
34221,12.568,55.653
34223,12.567,55.654
34224,12.566,55.654
34233,12.566,55.653
34238,12.565,55.653
34244,12.564,55.653
34246,12.564,55.654
34258,12.565,55.654
34271,12.556,55.709
57019,12.519,55.66
57020,12.52,55.66
57021,12.521,55.66
57023,12.52,55.656
57024,12.521,55.653
57027,12.519,55.656
57028,12.519,55.654
57031,12.521,55.659
57032,12.521,55.657
57033,12.522,55.653
57034,12.522,55.651
57035,12.526,55.652
57036,12.527,55.652
57039,12.522,55.659
57040,12.52,55.661
57042,12.52,55.659
57043,12.52,55.657
57045,12.518,55.656
57047,12.522,55.656
57048,12.516,55.658
57049,12.514,55.658
57050,12.519,55.657
57053,12.518,55.659
57054,12.517,55.659
57056,12.518,55.657
57057,12.521,55.656
57058,12.521,55.654
57061,12.52,55.652
57064,12.524,55.653
57078,12.523,55.653
57085,12.52,55.653
57090,12.519,55.653
57091,12.518,55.653
57092,12.512,55.656
57093,12.516,55.659
57094,12.515,55.66
57095,12.523,55.656
57096,12.523,55.655
57097,12.523,55.654
57099,12.522,55.66
57101,12.522,55.657
57103,12.523,55.661
57104,12.524,55.659
57105,12.524,55.657
57111,12.523,55.651
57112,12.519,55.661
70766,12.509,55.661
80299,12.56,55.695
80301,12.559,55.695
80979,12.559,55.694
81926,12.558,55.694
81927,12.558,55.693
83021,12.522,55.655
83096,12.557,55.694
84964,12.56,55.696
98880,12.53,55.663
98881,12.528,55.663
98882,12.525,55.663
106484,12.592,55.658
106485,12.592,55.657
106486,12.593,55.657
132642,12.518,55.699
132644,12.518,55.698
132645,12.519,55.698
132646,12.522,55.698
132647,12.491,55.682
132677,12.49,55.68
132678,12.488,55.682
132712,12.488,55.68
132713,12.488,55.681
132714,12.487,55.682
132988,12.489,55.681
133029,12.49,55.681
133030,12.489,55.682
133126,12.49,55.682
133127,12.485,55.681
133192,12.511,55.69
133197,12.514,55.691
133198,12.514,55.692
133269,12.511,55.692
133270,12.511,55.693
133271,12.51,55.693
133273,12.509,55.694
133344,12.509,55.69
133345,12.506,55.692
133391,12.51,55.691
133392,12.509,55.691
133393,12.507,55.693
133528,12.486,55.679
133529,12.486,55.681
133532,12.485,55.68
133591,12.487,55.677
133592,12.486,55.678
133593,12.484,55.682
133648,12.506,55.689
133649,12.505,55.69
133723,12.512,55.693
133742,12.509,55.693
133747,12.508,55.693
133753,12.494,55.683
133844,12.495,55.672
133845,12.496,55.67
133846,12.496,55.669
133885,12.492,55.673
133888,12.492,55.674
133891,12.492,55.675
133893,12.491,55.675
133894,12.491,55.676
133897,12.491,55.677
133900,12.49,55.677
133901,12.49,55.678
134015,12.486,55.673
134019,12.486,55.674
134020,12.485,55.674
134216,12.489,55.673
134217,12.49,55.673
134218,12.49,55.674
134220,12.49,55.675
134223,12.489,55.676
134225,12.488,55.676
134254,12.492,55.672
134255,12.493,55.67
134261,12.488,55.673
134262,12.487,55.673
134263,12.487,55.674
134266,12.487,55.675
134268,12.486,55.675
134271,12.486,55.676
134296,12.486,55.672
134297,12.485,55.672
134354,12.492,55.678
134359,12.491,55.681
134523,12.494,55.669
134525,12.495,55.669
134526,12.495,55.67
134553,12.493,55.672
134554,12.491,55.67
134563,12.489,55.672
134724,12.49,55.67
134725,12.49,55.671
134726,12.489,55.671
134776,12.513,55.695
134778,12.514,55.694
134779,12.515,55.693
134786,12.516,55.693
134791,12.517,55.692
134893,12.523,55.698
134937,12.518,55.696
134943,12.518,55.695
134944,12.519,55.695
134971,12.505,55.691
134972,12.504,55.692
134983,12.519,55.696
134984,12.52,55.696
134988,12.521,55.696
135140,12.525,55.697
135142,12.524,55.698
135143,12.523,55.699
135144,12.522,55.699
135145,12.521,55.7
135147,12.521,55.701
135148,12.52,55.701
135150,12.52,55.702
135266,12.512,55.696
135268,12.522,55.697
135272,12.523,55.697
135452,12.517,55.696
135454,12.515,55.696
135455,12.514,55.696
135456,12.512,55.695
135647,12.495,55.691
135651,12.493,55.692
135654,12.492,55.692
135656,12.492,55.693
135666,12.496,55.69
135667,12.496,55.691
135679,12.493,55.691
135698,12.503,55.692
135700,12.502,55.693
135701,12.504,55.691
135702,12.503,55.691
135813,12.51,55.695
135814,12.508,55.694
135829,12.507,55.689
135869,12.494,55.691
135940,12.494,55.694
136011,12.496,55.692
136012,12.495,55.692
136015,12.494,55.692
136016,12.493,55.693
136049,12.503,55.69
136050,12.502,55.691
136051,12.5,55.693
136069,12.502,55.689
136070,12.501,55.691
136071,12.5,55.691
136073,12.499,55.691
136074,12.499,55.692
136077,12.498,55.693
136274,12.506,55.693
136276,12.505,55.693
136278,12.504,55.693
136282,12.496,55.694
136283,12.495,55.694
136284,12.494,55.693
136315,12.488,55.671
136331,12.51,55.656
136372,12.509,55.656
136373,12.509,55.657
136387,12.51,55.657
136422,12.634,55.658
136423,12.634,55.657
136436,12.511,55.657
136437,12.512,55.657
136457,12.512,55.658
136460,12.591,55.649
136534,12.51,55.658
136602,12.5,55.66
136603,12.501,55.66
136604,12.503,55.659
136605,12.504,55.659
136606,12.508,55.657
136607,12.526,55.699
136610,12.525,55.7
136611,12.534,55.698
136612,12.535,55.7
136616,12.536,55.701
136619,12.502,55.661
136620,12.502,55.662
136621,12.503,55.663
136622,12.526,55.703
136632,12.528,55.704
136633,12.527,55.703
136649,12.524,55.699
136651,12.527,55.701
136652,12.528,55.702
136653,12.528,55.701
136654,12.53,55.703
136655,12.53,55.7
136656,12.532,55.702
136657,12.504,55.661
136660,12.504,55.66
136661,12.505,55.66
136662,12.505,55.661
136664,12.529,55.701
136665,12.531,55.703
136666,12.499,55.66
136667,12.498,55.661
136668,12.497,55.661
136669,12.496,55.661
136670,12.496,55.662
136671,12.495,55.662
136673,12.495,55.663
136678,12.495,55.664
136684,12.496,55.664
136687,12.526,55.697
136689,12.527,55.697
136692,12.529,55.697
136695,12.53,55.697
136697,12.531,55.697
136698,12.532,55.697
136707,12.535,55.702
136708,12.532,55.699
136709,12.529,55.7
136710,12.525,55.698
136713,12.627,55.66
136720,12.505,55.662
136722,12.506,55.662
136752,12.517,55.661
136754,12.518,55.661
136795,12.526,55.705
136796,12.525,55.704
136798,12.505,55.658
136799,12.507,55.66
136824,12.507,55.663
136826,12.502,55.664
136827,12.501,55.664
136828,12.499,55.664
136829,12.498,55.664
136831,12.498,55.663
136833,12.522,55.701
136834,12.522,55.7
136837,12.527,55.698
136838,12.528,55.698
136841,12.53,55.699
136846,12.531,55.699
136847,12.502,55.663
136848,12.5,55.663
136851,12.499,55.662
136867,12.507,55.661
136868,12.507,55.662
136871,12.504,55.662
136875,12.501,55.662
136876,12.501,55.663
136880,12.499,55.663
136885,12.524,55.7
136886,12.523,55.7
136895,12.536,55.698
136897,12.535,55.699
136899,12.534,55.699
136919,12.63,55.656
136923,12.631,55.657
136924,12.625,55.653
136925,12.627,55.653
136926,12.629,55.654
136927,12.631,55.654
136928,12.633,55.653
136933,12.635,55.651
136936,12.631,55.656
136937,12.632,55.656
136941,12.632,55.655
136948,12.639,55.653
136949,12.638,55.653
136950,12.637,55.652
136951,12.637,55.651
136953,12.636,55.651
136954,12.633,55.657
136955,12.634,55.655
136956,12.63,55.655
136958,12.631,55.655
136977,12.637,55.657
136978,12.638,55.656
136980,12.639,55.654
136982,12.64,55.651
136984,12.627,55.655
136985,12.628,55.653
136986,12.63,55.654
136997,12.641,55.65
136998,12.641,55.649
136999,12.643,55.648
137000,12.643,55.647
137009,12.627,55.651
137010,12.627,55.652
137011,12.626,55.655
137014,12.626,55.654
137030,12.626,55.651
137032,12.628,55.651
137038,12.629,55.651
137039,12.63,55.651
137046,12.631,55.651
137047,12.632,55.652
137048,12.627,55.65
137049,12.633,55.651
137050,12.628,55.647
137051,12.632,55.648
137053,12.633,55.648
137055,12.634,55.648
137056,12.629,55.653
137057,12.63,55.652
137059,12.631,55.65
137069,12.628,55.648
137070,12.632,55.649
137071,12.634,55.649
137072,12.629,55.65
137073,12.63,55.647
137074,12.636,55.645
137075,12.638,55.646
137082,12.637,55.647
137083,12.636,55.648
137086,12.629,55.644
137087,12.634,55.645
137112,12.637,55.645
137113,12.627,55.649
137114,12.63,55.649
137119,12.632,55.65
137122,12.633,55.65
137147,12.634,55.644
137186,12.629,55.645
137188,12.633,55.646
137189,12.629,55.646
137190,12.633,55.647
137197,12.629,55.652
137198,12.628,55.652
137211,12.634,55.651
137218,12.635,55.647
137220,12.636,55.646
137222,12.63,55.653
137224,12.631,55.653
137225,12.632,55.653
137227,12.635,55.657
137228,12.637,55.655
137248,12.631,55.652
137250,12.633,55.656
137251,12.637,55.656
137253,12.63,55.657
137275,12.628,55.659
137279,12.635,55.655
137282,12.621,55.667
137284,12.622,55.667
137285,12.623,55.668
137289,12.624,55.668
137291,12.624,55.667
137294,12.631,55.658
137310,12.627,55.664
137311,12.624,55.664
137315,12.639,55.651
137327,12.633,55.655
137329,12.633,55.654
137330,12.634,55.653
137333,12.634,55.652
137338,12.635,55.652
137351,12.625,55.664
137352,12.626,55.664
137355,12.629,55.662
137357,12.63,55.66
137363,12.637,55.65
137364,12.636,55.65
137367,12.633,55.658
137375,12.622,55.668
137382,12.636,55.652
137406,12.625,55.654
137407,12.639,55.646
137408,12.643,55.646
137425,12.639,55.652
137427,12.64,55.652
137430,12.63,55.65
137469,12.633,55.652
137480,12.632,55.657
137500,12.627,55.661
137503,12.628,55.662
137510,12.63,55.662
137513,12.631,55.662
137514,12.632,55.662
137515,12.622,55.669
137518,12.623,55.669
137519,12.624,55.669
137524,12.625,55.669
137525,12.625,55.668
137535,12.637,55.654
137536,12.636,55.653
137539,12.636,55.654
137540,12.635,55.653
137543,12.635,55.654
137558,12.62,55.669
137585,12.625,55.667
137587,12.625,55.666
137588,12.626,55.666
137592,12.626,55.665
137593,12.627,55.665
137600,12.623,55.655
137601,12.623,55.654
137603,12.624,55.654
137605,12.624,55.653
137610,12.625,55.652
137612,12.626,55.652
137623,12.626,55.65
137640,12.503,55.661
137646,12.5,55.662
137657,12.494,55.668
137662,12.494,55.667
137665,12.494,55.666
137743,12.504,55.666
137744,12.497,55.665
137836,12.507,55.664
137859,12.501,55.667
137863,12.5,55.667
137865,12.499,55.666
137866,12.497,55.666
137870,12.496,55.665
137912,12.499,55.667
137913,12.496,55.668
137984,12.5,55.668
137986,12.498,55.667
137989,12.496,55.666
138080,12.496,55.671
138081,12.494,55.671
138160,12.504,55.668
138161,12.503,55.668
138162,12.504,55.669
138166,12.505,55.665
138167,12.501,55.665
138254,12.497,55.667
138366,12.508,55.661
138372,12.502,55.66
138387,12.508,55.66
138408,12.525,55.701
138430,12.509,55.66
138433,12.508,55.659
138434,12.508,55.658
138438,12.501,55.661
138439,12.5,55.661
138441,12.498,55.662
138442,12.497,55.662
138491,12.496,55.663
138553,12.502,55.666
138555,12.501,55.666
138641,12.495,55.668
138672,12.502,55.667
138677,12.504,55.667
138679,12.503,55.667
138684,12.502,55.668
138685,12.503,55.669
138781,12.495,55.665
138795,12.506,55.665
138844,12.503,55.666
138869,12.514,55.693
138871,12.513,55.694
138872,12.512,55.694
138875,12.631,55.645
138924,12.529,55.703
138927,12.6,55.699
138928,12.6,55.702
138968,12.625,55.67
138972,12.626,55.669
138973,12.627,55.668
138974,12.628,55.667
138975,12.628,55.666
138977,12.629,55.666
138979,12.63,55.665
138980,12.63,55.664
138982,12.631,55.663
139006,12.516,55.661
139007,12.516,55.66
139010,12.514,55.659
139055,12.512,55.655
139196,12.606,55.66
139217,12.579,55.714
139218,12.579,55.715
139295,12.553,55.702
139482,12.482,55.673
139536,12.485,55.676
139545,12.485,55.675
139552,12.484,55.674
139555,12.483,55.673
139657,12.501,55.668
139717,12.497,55.669
139773,12.488,55.672
140117,12.493,55.684
140118,12.494,55.684
140128,12.497,55.685
140130,12.497,55.686
140132,12.498,55.686
140136,12.499,55.686
140431,12.575,55.664
140446,12.609,55.663
140833,12.535,55.698
140842,12.533,55.698
141045,12.528,55.699
141046,12.527,55.7
141047,12.526,55.7
141092,12.524,55.701
141094,12.524,55.702
141141,12.537,55.7
141179,12.521,55.697
141180,12.52,55.698
141182,12.517,55.698
141184,12.516,55.698
141481,12.536,55.7
141485,12.534,55.7
141487,12.532,55.701
141602,12.524,55.697
141771,12.496,55.685
141772,12.496,55.686
141789,12.525,55.703
141895,12.509,55.689
141898,12.505,55.689
141899,12.504,55.689
141900,12.503,55.689
141965,12.515,55.691
141967,12.513,55.69
141968,12.512,55.69
141982,12.493,55.669
142068,12.483,55.672
142069,12.482,55.672
142136,12.516,55.691
142177,12.513,55.693
142180,12.511,55.694
142181,12.51,55.694
142231,12.516,55.699
142232,12.517,55.7
142233,12.518,55.701
142234,12.519,55.702
142292,12.515,55.692
142295,12.516,55.694
142298,12.516,55.695
142303,12.517,55.697
142306,12.516,55.697
142388,12.531,55.698
142392,12.528,55.7
142459,12.506,55.69
142532,12.523,55.696
142533,12.522,55.696
142537,12.521,55.695
142539,12.52,55.695
142540,12.52,55.694
142541,12.519,55.693
142542,12.518,55.693
142543,12.518,55.692
142646,12.537,55.71
142647,12.536,55.71
142648,12.534,55.71
142649,12.533,55.71
142650,12.532,55.71
142699,12.536,55.697
142701,12.536,55.699
142703,12.537,55.701
142977,12.527,55.704
142979,12.531,55.704
142980,12.532,55.705
143034,12.537,55.703
143073,12.531,55.7
143090,12.532,55.707
143091,12.538,55.707
143147,12.533,55.709
143185,12.539,55.708
143188,12.532,55.709
143215,12.537,55.702
143218,12.538,55.703
143220,12.538,55.704
143221,12.538,55.705
143297,12.532,55.704
143298,12.533,55.704
143372,12.535,55.706
143377,12.537,55.705
143451,12.532,55.703
143452,12.533,55.703
143514,12.535,55.71
143515,12.535,55.709
143516,12.532,55.706
143517,12.537,55.706
143518,12.538,55.706
143608,12.533,55.702
143611,12.537,55.708
143613,12.537,55.709
143817,12.536,55.702
143818,12.534,55.703
143821,12.531,55.701
143822,12.53,55.702
143823,12.529,55.702
143825,12.534,55.702
143912,12.497,55.691
143913,12.498,55.692
143927,12.495,55.69
144056,12.511,55.659
144058,12.51,55.659
144216,12.517,55.695
144217,12.519,55.694
144342,12.505,55.692
144350,12.499,55.69
144352,12.5,55.69
144411,12.501,55.688
144413,12.498,55.691
144414,12.496,55.693
144429,12.551,55.709
144430,12.552,55.708
144501,12.512,55.659
144534,12.533,55.705
144535,12.533,55.706
144565,12.538,55.709
144663,12.537,55.704
144697,12.527,55.705
144851,12.542,55.707
144852,12.541,55.708
144853,12.54,55.709
144854,12.538,55.71
145135,12.523,55.667
145177,12.537,55.664
145328,12.547,55.667
174042,12.573,55.709
174412,12.573,55.669
174416,12.572,55.669
174947,12.573,55.711
177838,12.568,55.656
183408,12.543,55.703
183655,12.629,55.656
183927,12.625,55.655
184176,12.544,55.702
184181,12.547,55.704
184421,12.542,55.7
184804,12.541,55.702
185663,12.587,55.712
185664,12.588,55.712
187262,12.565,55.71
187963,12.613,55.685
187964,12.614,55.685
188075,12.615,55.686
188077,12.615,55.685
188081,12.615,55.684
188083,12.615,55.683
188084,12.616,55.683
188235,12.614,55.684
189442,12.613,55.686
190340,12.491,55.687
190341,12.49,55.687
190458,12.62,55.657
190465,12.622,55.656
191274,12.636,55.657
191434,12.626,55.658
191537,12.633,55.66
191540,12.634,55.66
191541,12.635,55.658
191774,12.632,55.661
191776,12.633,55.661
191861,12.632,55.654
192287,12.635,55.659
192288,12.636,55.658
192420,12.5,55.669
192741,12.493,55.685
194797,12.524,55.662
194798,12.525,55.66
194802,12.526,55.659
194803,12.526,55.658
194805,12.526,55.656
194806,12.527,55.656
194807,12.527,55.654
194808,12.527,55.653
194889,12.511,55.658
195247,12.528,55.65
195407,12.571,55.663
195412,12.569,55.661
195415,12.569,55.66
195420,12.568,55.66
195421,12.568,55.659
195424,12.567,55.658
195517,12.567,55.657
195574,12.577,55.662
195576,12.576,55.661
195578,12.575,55.661
195588,12.571,55.659
195591,12.569,55.657
195612,12.569,55.656
195617,12.569,55.654
195618,12.568,55.654
195723,12.509,55.658
208023,12.638,55.655
223813,12.53,55.666
223814,12.532,55.666
223816,12.533,55.666
224645,12.519,55.7
224667,12.517,55.699
224670,12.632,55.66
224724,12.527,55.665
224725,12.528,55.665
224729,12.528,55.664
224740,12.527,55.664
240067,12.568,55.657
